MYH7_3F	ACTGAAGGGGAGAGCCCAG	GTCCACCCAGGTGTACAGG
MYH7_3R	TCTTGAGCACTATTGCCCTG	CCCTGCCTAGACACAAACAG
MYH7_4F	TCTGTTTGTGTCTAGGCAGGG	CTGAGTCTATGCCTCGGGGC
MYH7_4R	TCTCTCCTGATTTGAGGCTTG	GACCAGATGGTCTAGAGCAAGG
MYH7_5-6F	ATTTTCCTTGTGCCCAAACC	CTTTTGGACCCCTGTTTGC
MYH7_5-6R	CCCACAGGGATTAAGGAGAC	AGCAGACATGGCCCTCCA
MYH7_7-9F	CTCACTGCCACCTCCACAT	GGGTTGTTGGGAAGAGTGAA
MYH7_7-9R	GTTCACTCTTCCCAACAACCCTG	TATTCCCCAGAAGGGAGAGG
MYH7_10-11F	AACACCCAACATGGCACC	GGGTGTAGCAATTGACCTGG
MYH7_10-11R	TGTCAGGTTGTACCCCAAGG	AGTGAAGAGGCCAGGAGATG
MYH7_12F	GGCCCCTTCATCTCTGTGAC	CACTGTGGTGGTAGGTAGGG
MYH7_12R	CAAGCTAATCAGTGACAAAGCC	AAGCATCAGAGGAGTCAATGG
MYH7_13F	CCCTGCAATCCTTTTCTAGG 	CCTGCAGGTCTCTGTGTTTG
MYH7_13R	ACCTCAGGTAGGAAGGAGGC	CAGGGTTGTGGGAAGTGAAG
MYH7_14-15F	TGTGCCTCTCCTTCCCTCTA	AAGGTCAGTATGGTCTGAGAGTCC
MYH7_14-15R	GCATGGACCTTGACATGGA	GCATATCTAGGCCCCACAAC
MYH7_16F	TTTCATCCCACAGTCATTTATTC	GCCAGGGAGGACCATCTAAC
MYH7_16R	GATTTCAATCTCACCGCAGG	CCTTTTCAGGGTCTCTGTGG
MYH7_17F	CCCCAAATCCTTTAATTCCC	TGAGAACCAGGCAGAGGAAG
MYH7_17R	CTTACACCCCTTCATTCCCC	GTCCACAGCCAGCCTTATTG
MYH7_18F	AAGGGTGGGGTTGCTTTATG	CTGAGTCCTGCCTGCAAAG
MYH7_18R	CAGCTACACTTCTGAGGTTTCAAGG	GCTCTGGCCTCTCACTGAACC
MYH7_19-20F	ATCCTCCTTGGAGGTGGG	TCTGGGGATGGGACAGTG
MYH7_19-20R	CCACCCTGCCCTGTGCCC	GTGCCTGTATCAAGACACTACTGC
MYH7_21F	TCCTCCTGCCCCTAGGTTAC	GAGAGAGGTGGCACATGGTC
MYH7_21R	AGACCAGTGTCTCTCCGTGG	GGTTGTCACTGTGGCTATGG
MYH7_22F	GGAGGGGATGCTACCTTCTATG	CTCTGTCTGGGTATGCCTGC
MYH7_22R	GCAACTTCCCTCTGACCAAC	AGGCCTTTGAATTTGCCC
